"","Parking","Going straight","Stopping","Decelerating","Turning right","Turning left","Overtaking","Reversing","Negotiating a curve","Other"
"1",0.151090768229406,0.378185612320574,0.00268426360705487,0.0324606061569422,0.194741201157256,0.114697359482033,0.00315905778977885,0.0762644468651911,0.0016009712128189,0.0451157131789453
"2",0,0.641901881831679,0.172801397308855,0.0203440994761397,0.0123243647314836,0.0646507033291284,0,0,0.0421891859086753,0.045788367414039
"3",0.000140994704104421,0.260115250404906,0.506171071444372,0.108549682517065,0.00766646495932116,0,0,0.0326415994006176,0.0037983465448087,0.0809165900248047
"4",0.0129444394916985,0.197127926770872,0.00765949714407755,0.0443563852250649,0.191735216898866,0.271280741452648,0.023645103860291,0.0297980300392499,0.0170630403627053,0.204389618754527
