"","Loss of control","Vehicle turning","Other vehicle in lane","Other vehicle encroaching into lane","Non-motorist at fault","Object or animal","Unknown"
"1",0.0420889520071251,0.492854326852786,0,0,0.289938221287701,0,0.175118499852387
"2",0.00498729950255122,0.00024659337886111,0.0073263402297099,0.920138799675807,0.00349509072486679,0.00485767856086178,0.0589481979273426
"3",0.00170902713919248,4.2301201548051e-05,0.964459401038146,0.0115654721799772,6.69396982280833e-05,0.000771773702913946,0.0213850850399945
"4",0.00682820591246734,0.907985544867288,0.000339202699705589,0.00174606945247756,0,0.000316130151399404,0.082784846916662
