"","One","Two","Three or more"
"1",0.997126481030834,0.000999261688836699,0.00187425728032925
"2",0,0.93137475185033,0.0686252481496695
"3",0,0.861030061323767,0.138969938676233
"4",0,0.989279373649169,0.0107206263508313
