"","Loss of control","Vehicle turning","Other vehicle in lane","Other vehicle encroaching into lane","Non-motorist at fault","Object or animal","Unknown"
"1",0,0.234858565422532,0.00315717140826777,0,0.717254259105053,0.0322853148026219,0.0124446892615248
"2",0.00742318656804919,0.00472145832041521,0.00244667791893005,0.963310255783233,0,0.00153843640143595,0.0205599850079365
"3",0.00419175993340843,0.000869338292207014,0.966698185871316,0.0118709247947392,0,0,0.0163697911083292
"4",5.43722793889511e-05,0.854725503566108,0.0133576415418106,0.007538886634433,0.00427041687341163,0.00256968866263392,0.117483490442214
