"","One","Two","Three or more"
"1",0.996743482931419,0.00325651706858127,0
"2",0,0.933201217925394,0.0667987820746061
"3",0,0.899735754957306,0.100264245042694
"4",0.000532136813922114,0.987266204940113,0.0122016582459645
